episode_id,sequence,condition,object_name,target_class,expected_strategy,instance_id,replicate,distractor,accepted_utc,duration_s,frames_processed,primary_threshold,collection_threshold,autonomous_lock_class,autonomous_lock_strategy,autonomous_lock_confidence,autonomous_lock_latency_s,autonomous_correct_class,autonomous_correct_strategy,target_assisted_lock_found,target_assisted_lock_latency_s,target_assisted_lock_confidence,no_detection_at_primary_threshold,unknown_dangerous_mapped_lock,video_file,detections_file
NOR_BANANA_R03,5,normal,banana,banana,soft,A,3,,2026-09-05T08:41:05.199210+00:00,10.048857,149,0.25,0.05,banana,soft,0.950075,0.250168,1,1,1,0.250168,0.950075,0,0,videos/NOR_BANANA_R03.mp4,detections/NOR_BANANA_R03.jsonl
NOR_BANANA_R01,6,normal,banana,banana,soft,A,1,,2026-09-05T08:41:39.690713+00:00,10.04929,148,0.25,0.05,banana,soft,0.928506,0.11922,1,1,1,0.11922,0.928506,0,0,videos/NOR_BANANA_R01.mp4,detections/NOR_BANANA_R01.jsonl
NOR_BANANA_R05,12,normal,banana,banana,soft,A,5,,2026-09-05T08:42:13.519928+00:00,10.053632,150,0.25,0.05,banana,soft,0.947463,0.108632,1,1,1,0.108632,0.947463,0,0,videos/NOR_BANANA_R05.mp4,detections/NOR_BANANA_R05.jsonl
NOR_BANANA_R04,14,normal,banana,banana,soft,A,4,,2026-09-05T08:42:45.809537+00:00,10.052201,150,0.25,0.05,banana,soft,0.933591,0.125312,1,1,1,0.125312,0.933591,0,0,videos/NOR_BANANA_R04.mp4,detections/NOR_BANANA_R04.jsonl
NOR_BANANA_R02,15,normal,banana,banana,soft,A,2,,2026-09-05T08:43:23.771027+00:00,10.052241,150,0.25,0.05,banana,soft,0.926296,0.116127,1,1,1,0.116127,0.926296,0,0,videos/NOR_BANANA_R02.mp4,detections/NOR_BANANA_R02.jsonl
NOR_BOTTLE_R01,1,normal,bottle,bottle,medium,A,1,,2026-09-05T08:44:00.993905+00:00,10.04677,150,0.25,0.05,bottle,medium,0.860561,0.115384,1,1,1,0.115384,0.860561,0,0,videos/NOR_BOTTLE_R01.mp4,detections/NOR_BOTTLE_R01.jsonl
NOR_BOTTLE_R03,8,normal,bottle,bottle,medium,A,3,,2026-09-05T08:44:25.612150+00:00,10.047366,150,0.25,0.05,bottle,medium,0.894143,0.105271,1,1,1,0.105271,0.894143,0,0,videos/NOR_BOTTLE_R03.mp4,detections/NOR_BOTTLE_R03.jsonl
NOR_BOTTLE_R05,9,normal,bottle,bottle,medium,A,5,,2026-09-05T08:44:59.234956+00:00,10.044505,150,0.25,0.05,bottle,medium,0.870041,0.104387,1,1,1,0.104387,0.870041,0,0,videos/NOR_BOTTLE_R05.mp4,detections/NOR_BOTTLE_R05.jsonl
NOR_BOTTLE_R04,11,normal,bottle,bottle,medium,A,4,,2026-09-05T08:45:31.600963+00:00,10.052644,150,0.25,0.05,bottle,medium,0.757087,0.114486,1,1,1,0.114486,0.757087,0,0,videos/NOR_BOTTLE_R04.mp4,detections/NOR_BOTTLE_R04.jsonl
NOR_BOTTLE_R02,13,normal,bottle,bottle,medium,A,2,,2026-09-05T08:46:10.828827+00:00,10.051033,150,0.25,0.05,bottle,medium,0.674273,0.119781,1,1,1,0.119781,0.674273,0,0,videos/NOR_BOTTLE_R02.mp4,detections/NOR_BOTTLE_R02.jsonl
NOR_SCISSORS_R01,3,normal,scissors,scissors,hard,A,1,,2026-09-05T08:47:23.484033+00:00,10.051254,150,0.25,0.05,scissors,hard,0.937778,0.126643,1,1,1,0.126643,0.937778,0,0,videos/NOR_SCISSORS_R01.mp4,detections/NOR_SCISSORS_R01.jsonl
NOR_SCISSORS_R02,4,normal,scissors,scissors,hard,A,2,,2026-09-05T08:47:57.576005+00:00,10.05021,150,0.25,0.05,scissors,hard,0.948143,0.126004,1,1,1,0.126004,0.948143,0,0,videos/NOR_SCISSORS_R02.mp4,detections/NOR_SCISSORS_R02.jsonl
NOR_SCISSORS_R05,7,normal,scissors,scissors,hard,A,5,,2026-09-05T08:48:34.737101+00:00,10.050193,150,0.25,0.05,scissors,hard,0.959713,0.122862,1,1,1,0.122862,0.959713,0,0,videos/NOR_SCISSORS_R05.mp4,detections/NOR_SCISSORS_R05.jsonl
NOR_SCISSORS_R04,10,normal,scissors,scissors,hard,A,4,,2026-09-05T08:49:10.498971+00:00,10.05151,150,0.25,0.05,scissors,hard,0.619232,0.119732,1,1,1,0.119732,0.619232,0,0,videos/NOR_SCISSORS_R04.mp4,detections/NOR_SCISSORS_R04.jsonl
DIM_BANANA_R02,23,dim,banana,banana,soft,A,2,,2026-09-05T08:56:09.880070+00:00,10.055556,148,0.25,0.05,banana,soft,0.918712,0.271372,1,1,1,0.271372,0.918712,0,0,videos/DIM_BANANA_R02.mp4,detections/DIM_BANANA_R02.jsonl
DIM_BANANA_R03,24,dim,banana,banana,soft,A,3,,2026-09-05T08:56:33.427592+00:00,10.055246,150,0.25,0.05,banana,soft,0.839364,0.125675,1,1,1,0.125675,0.839364,0,0,videos/DIM_BANANA_R03.mp4,detections/DIM_BANANA_R03.jsonl
DIM_BANANA_R01,25,dim,banana,banana,soft,A,1,,2026-09-05T08:56:54.844879+00:00,10.056019,150,0.25,0.05,banana,soft,0.944762,0.12178,1,1,1,0.12178,0.944762,0,0,videos/DIM_BANANA_R01.mp4,detections/DIM_BANANA_R01.jsonl
DIM_BANANA_R04,28,dim,banana,banana,soft,A,4,,2026-09-05T08:57:24.196615+00:00,10.052272,150,0.25,0.05,banana,soft,0.918095,0.117302,1,1,1,0.117302,0.918095,0,0,videos/DIM_BANANA_R04.mp4,detections/DIM_BANANA_R04.jsonl
DIM_BANANA_R05,29,dim,banana,banana,soft,A,5,,2026-09-05T08:57:48.749352+00:00,10.051975,150,0.25,0.05,banana,soft,0.899602,0.10355,1,1,1,0.10355,0.899602,0,0,videos/DIM_BANANA_R05.mp4,detections/DIM_BANANA_R05.jsonl
DIM_BOTTLE_R01,16,dim,bottle,bottle,medium,A,1,,2026-09-05T08:58:58.211678+00:00,10.062013,150,0.25,0.05,bottle,medium,0.895939,0.116235,1,1,1,0.116235,0.895939,0,0,videos/DIM_BOTTLE_R01.mp4,detections/DIM_BOTTLE_R01.jsonl
DIM_BOTTLE_R03,17,dim,bottle,bottle,medium,A,3,,2026-09-05T08:59:20.958508+00:00,10.057863,150,0.25,0.05,bottle,medium,0.900101,0.11038,1,1,1,0.11038,0.900101,0,0,videos/DIM_BOTTLE_R03.mp4,detections/DIM_BOTTLE_R03.jsonl
DIM_BOTTLE_R05,19,dim,bottle,bottle,medium,A,5,,2026-09-05T08:59:48.435726+00:00,10.04724,150,0.25,0.05,bottle,medium,0.91483,0.114568,1,1,1,0.114568,0.91483,0,0,videos/DIM_BOTTLE_R05.mp4,detections/DIM_BOTTLE_R05.jsonl
DIM_BOTTLE_R02,21,dim,bottle,bottle,medium,A,2,,2026-09-05T09:00:13.989071+00:00,10.048212,150,0.25,0.05,bottle,medium,0.904611,0.105186,1,1,1,0.105186,0.904611,0,0,videos/DIM_BOTTLE_R02.mp4,detections/DIM_BOTTLE_R02.jsonl
DIM_BOTTLE_R04,30,dim,bottle,bottle,medium,A,4,,2026-09-05T09:00:46.547352+00:00,10.048137,150,0.25,0.05,bottle,medium,0.862474,0.107439,1,1,1,0.107439,0.862474,0,0,videos/DIM_BOTTLE_R04.mp4,detections/DIM_BOTTLE_R04.jsonl
DIM_SCISSORS_R01,18,dim,scissors,scissors,hard,A,1,,2026-09-05T09:01:20.772202+00:00,10.046528,150,0.25,0.05,scissors,hard,0.924521,0.112997,1,1,1,0.112997,0.924521,0,0,videos/DIM_SCISSORS_R01.mp4,detections/DIM_SCISSORS_R01.jsonl
DIM_SCISSORS_R03,20,dim,scissors,scissors,hard,A,3,,2026-09-05T09:01:48.534813+00:00,10.055644,150,0.25,0.05,scissors,hard,0.898148,0.106452,1,1,1,0.106452,0.898148,0,0,videos/DIM_SCISSORS_R03.mp4,detections/DIM_SCISSORS_R03.jsonl
DIM_SCISSORS_R02,22,dim,scissors,scissors,hard,A,2,,2026-09-05T09:02:11.145749+00:00,10.053553,150,0.25,0.05,scissors,hard,0.871408,0.106468,1,1,1,0.106468,0.871408,0,0,videos/DIM_SCISSORS_R02.mp4,detections/DIM_SCISSORS_R02.jsonl
DIM_SCISSORS_R04,26,dim,scissors,scissors,hard,A,4,,2026-09-05T09:02:36.830197+00:00,10.057817,150,0.25,0.05,scissors,hard,0.67804,0.116795,1,1,1,0.116795,0.67804,0,0,videos/DIM_SCISSORS_R04.mp4,detections/DIM_SCISSORS_R04.jsonl
DIM_SCISSORS_R05,27,dim,scissors,scissors,hard,A,5,,2026-09-05T09:03:08.247247+00:00,10.056649,150,0.25,0.05,scissors,hard,0.925285,0.110594,1,1,1,0.110594,0.925285,0,0,videos/DIM_SCISSORS_R05.mp4,detections/DIM_SCISSORS_R05.jsonl
BKL_BANANA_R02,32,backlight,banana,banana,soft,A,2,,2026-09-05T09:11:28.693264+00:00,10.05191,150,0.25,0.05,banana,soft,0.789994,0.115746,1,1,1,0.115746,0.789994,0,0,videos/BKL_BANANA_R02.mp4,detections/BKL_BANANA_R02.jsonl
BKL_BANANA_R04,35,backlight,banana,banana,soft,A,4,,2026-09-05T09:12:10.588020+00:00,10.051196,150,0.25,0.05,banana,soft,0.603655,0.121917,1,1,1,0.121917,0.603655,0,0,videos/BKL_BANANA_R04.mp4,detections/BKL_BANANA_R04.jsonl
BKL_BANANA_R03,42,backlight,banana,banana,soft,A,3,,2026-09-05T09:12:44.476081+00:00,10.049374,150,0.25,0.05,banana,soft,0.817727,0.122505,1,1,1,0.122505,0.817727,0,0,videos/BKL_BANANA_R03.mp4,detections/BKL_BANANA_R03.jsonl
BKL_BANANA_R01,43,backlight,banana,banana,soft,A,1,,2026-09-05T09:13:11.296530+00:00,10.051287,150,0.25,0.05,banana,soft,0.752082,0.121882,1,1,1,0.121882,0.752082,0,0,videos/BKL_BANANA_R01.mp4,detections/BKL_BANANA_R01.jsonl
BKL_BANANA_R05,44,backlight,banana,banana,soft,A,5,,2026-09-05T09:13:38.656913+00:00,10.059306,150,0.25,0.05,banana,soft,0.667794,0.118863,1,1,1,0.118863,0.667794,0,0,videos/BKL_BANANA_R05.mp4,detections/BKL_BANANA_R05.jsonl
BKL_BOTTLE_R01,33,backlight,bottle,bottle,medium,A,1,,2026-09-05T09:14:13.740753+00:00,10.052144,150,0.25,0.05,bottle,medium,0.936787,0.116134,1,1,1,0.116134,0.936787,0,0,videos/BKL_BOTTLE_R01.mp4,detections/BKL_BOTTLE_R01.jsonl
BKL_BOTTLE_R04,34,backlight,bottle,bottle,medium,A,4,,2026-09-05T09:14:49.633554+00:00,10.053297,150,0.25,0.05,bottle,medium,0.907827,0.11225,1,1,1,0.11225,0.907827,0,0,videos/BKL_BOTTLE_R04.mp4,detections/BKL_BOTTLE_R04.jsonl
BKL_BOTTLE_R02,36,backlight,bottle,bottle,medium,A,2,,2026-09-05T09:15:58.746849+00:00,10.050907,150,0.25,0.05,bottle,medium,0.918505,0.108059,1,1,1,0.108059,0.918505,0,0,videos/BKL_BOTTLE_R02.mp4,detections/BKL_BOTTLE_R02.jsonl
BKL_BOTTLE_R03,39,backlight,bottle,bottle,medium,A,3,,2026-09-05T09:16:28.173495+00:00,10.057475,150,0.25,0.05,bottle,medium,0.907548,0.119502,1,1,1,0.119502,0.907548,0,0,videos/BKL_BOTTLE_R03.mp4,detections/BKL_BOTTLE_R03.jsonl
BKL_BOTTLE_R05,41,backlight,bottle,bottle,medium,A,5,,2026-09-05T09:16:55.052070+00:00,10.050149,150,0.25,0.05,bottle,medium,0.876558,0.116308,1,1,1,0.116308,0.876558,0,0,videos/BKL_BOTTLE_R05.mp4,detections/BKL_BOTTLE_R05.jsonl
BKL_SCISSORS_R03,37,backlight,scissors,scissors,hard,A,3,,2026-09-05T09:18:18.180144+00:00,10.052422,150,0.25,0.05,scissors,hard,0.803569,0.118699,1,1,1,0.118699,0.803569,0,0,videos/BKL_SCISSORS_R03.mp4,detections/BKL_SCISSORS_R03.jsonl
BKL_SCISSORS_R01,38,backlight,scissors,scissors,hard,A,1,,2026-09-05T09:18:56.343050+00:00,10.054403,150,0.25,0.05,scissors,hard,0.880408,0.113484,1,1,1,0.113484,0.880408,0,0,videos/BKL_SCISSORS_R01.mp4,detections/BKL_SCISSORS_R01.jsonl
BKL_SCISSORS_R05,40,backlight,scissors,scissors,hard,A,5,,2026-09-05T09:19:27.496450+00:00,10.051991,150,0.25,0.05,scissors,hard,0.945151,0.118449,1,1,1,0.118449,0.945151,0,0,videos/BKL_SCISSORS_R05.mp4,detections/BKL_SCISSORS_R05.jsonl
BKL_SCISSORS_R04,45,backlight,scissors,scissors,hard,A,4,,2026-09-05T09:19:57.183841+00:00,10.051466,150,0.25,0.05,scissors,hard,0.825504,0.105691,1,1,1,0.105691,0.825504,0,0,videos/BKL_SCISSORS_R04.mp4,detections/BKL_SCISSORS_R04.jsonl
OCC_BANANA_R02,46,occlusion50,banana,banana,soft,A,2,,2026-09-05T09:25:18.366251+00:00,10.050534,148,0.25,0.05,banana,soft,0.446082,0.264414,1,1,1,0.264414,0.446082,0,0,videos/OCC_BANANA_R02.mp4,detections/OCC_BANANA_R02.jsonl
OCC_BANANA_R05,48,occlusion50,banana,banana,soft,A,5,,2026-09-05T09:26:11.803354+00:00,10.050306,150,0.25,0.05,banana,soft,0.501354,2.380251,1,1,1,2.380251,0.501354,0,0,videos/OCC_BANANA_R05.mp4,detections/OCC_BANANA_R05.jsonl
OCC_BANANA_R04,52,occlusion50,banana,banana,soft,A,4,,2026-09-05T09:27:03.240253+00:00,10.049674,150,0.25,0.05,banana,soft,0.28873,2.57483,1,1,1,2.57483,0.28873,0,0,videos/OCC_BANANA_R04.mp4,detections/OCC_BANANA_R04.jsonl
OCC_BANANA_R03,55,occlusion50,banana,banana,soft,A,3,,2026-09-05T09:30:14.050150+00:00,10.052787,150,0.25,0.05,banana,soft,0.839181,0.10966,1,1,1,0.10966,0.839181,0,0,videos/OCC_BANANA_R03.mp4,detections/OCC_BANANA_R03.jsonl
OCC_BANANA_R01,60,occlusion50,banana,banana,soft,A,1,,2026-09-05T09:30:43.536000+00:00,10.050068,150,0.25,0.05,banana,soft,0.290716,0.236464,1,1,1,0.236464,0.290716,0,0,videos/OCC_BANANA_R01.mp4,detections/OCC_BANANA_R01.jsonl
OCC_BOTTLE_R03,47,occlusion50,bottle,bottle,medium,A,3,,2026-09-05T09:31:58.925790+00:00,10.051131,150,0.25,0.05,bottle,medium,0.85754,0.12019,1,1,1,0.12019,0.85754,0,0,videos/OCC_BOTTLE_R03.mp4,detections/OCC_BOTTLE_R03.jsonl
OCC_BOTTLE_R01,49,occlusion50,bottle,bottle,medium,A,1,,2026-09-05T09:32:32.217131+00:00,10.051475,150,0.25,0.05,bottle,medium,0.86547,0.118115,1,1,1,0.118115,0.86547,0,0,videos/OCC_BOTTLE_R01.mp4,detections/OCC_BOTTLE_R01.jsonl
OCC_BOTTLE_R05,54,occlusion50,bottle,bottle,medium,A,5,,2026-09-05T09:33:04.841448+00:00,10.051466,150,0.25,0.05,bottle,medium,0.836722,0.116272,1,1,1,0.116272,0.836722,0,0,videos/OCC_BOTTLE_R05.mp4,detections/OCC_BOTTLE_R05.jsonl
OCC_BOTTLE_R04,58,occlusion50,bottle,bottle,medium,A,4,,2026-09-05T09:33:46.464818+00:00,10.044303,150,0.25,0.05,bottle,medium,0.876716,0.116333,1,1,1,0.116333,0.876716,0,0,videos/OCC_BOTTLE_R04.mp4,detections/OCC_BOTTLE_R04.jsonl
OCC_BOTTLE_R02,59,occlusion50,bottle,bottle,medium,A,2,,2026-09-05T09:34:36.643030+00:00,10.05203,150,0.25,0.05,bottle,medium,0.877696,0.108489,1,1,1,0.108489,0.877696,0,0,videos/OCC_BOTTLE_R02.mp4,detections/OCC_BOTTLE_R02.jsonl
OCC_SCISSORS_R01,51,occlusion50,scissors,scissors,hard,A,1,,2026-09-05T09:41:20.791912+00:00,10.060743,150,0.25,0.05,scissors,hard,0.871059,0.128405,1,1,1,0.128405,0.871059,0,0,videos/OCC_SCISSORS_R01.mp4,detections/OCC_SCISSORS_R01.jsonl
OCC_SCISSORS_R04,53,occlusion50,scissors,scissors,hard,A,4,,2026-09-05T09:42:10.947966+00:00,10.050314,76,0.25,0.05,scissors,hard,0.646242,0.622644,1,1,1,0.622644,0.646242,0,0,videos/OCC_SCISSORS_R04.mp4,detections/OCC_SCISSORS_R04.jsonl
OCC_SCISSORS_R02,56,occlusion50,scissors,scissors,hard,A,2,,2026-09-05T09:43:36.875993+00:00,10.051174,150,0.25,0.05,scissors,hard,0.880606,0.114933,1,1,1,0.114933,0.880606,0,0,videos/OCC_SCISSORS_R02.mp4,detections/OCC_SCISSORS_R02.jsonl
OCC_SCISSORS_R03,57,occlusion50,scissors,scissors,hard,A,3,,2026-09-05T09:44:33.581430+00:00,10.051229,150,0.25,0.05,scissors,hard,0.699237,0.122483,1,1,1,0.122483,0.699237,0,0,videos/OCC_SCISSORS_R03.mp4,detections/OCC_SCISSORS_R03.jsonl
CLU_BANANA_R04,64,clutter,banana,banana,soft,A,4,,2026-09-05T09:48:05.772939+00:00,10.053423,149,0.25,0.05,banana,soft,0.902633,0.244251,1,1,1,0.244251,0.902633,0,0,videos/CLU_BANANA_R04.mp4,detections/CLU_BANANA_R04.jsonl
CLU_BANANA_R02,66,clutter,banana,banana,soft,A,2,,2026-09-05T09:48:37.860521+00:00,10.053501,149,0.25,0.05,banana,soft,0.834674,0.123004,1,1,1,0.123004,0.834674,0,0,videos/CLU_BANANA_R02.mp4,detections/CLU_BANANA_R02.jsonl
CLU_BANANA_R03,67,clutter,banana,banana,soft,A,3,,2026-09-05T09:50:43.611588+00:00,10.047942,150,0.25,0.05,banana,soft,0.921717,0.125989,1,1,1,0.125989,0.921717,0,0,videos/CLU_BANANA_R03.mp4,detections/CLU_BANANA_R03.jsonl
CLU_BANANA_R01,68,clutter,banana,banana,soft,A,1,,2026-09-05T09:51:20.647190+00:00,10.057482,150,0.25,0.05,scissors,hard,0.520722,0.122939,0,0,1,0.122939,0.499076,0,0,videos/CLU_BANANA_R01.mp4,detections/CLU_BANANA_R01.jsonl
CLU_BANANA_R05,74,clutter,banana,banana,soft,A,5,,2026-09-05T09:52:12.082357+00:00,10.054386,150,0.25,0.05,banana,soft,0.896312,0.134458,1,1,1,0.134458,0.896312,0,0,videos/CLU_BANANA_R05.mp4,detections/CLU_BANANA_R05.jsonl
CLU_BOTTLE_R05,61,clutter,bottle,bottle,medium,A,5,,2026-09-05T09:52:45.503659+00:00,10.05358,149,0.25,0.05,bottle,medium,0.81319,0.106212,1,1,1,0.106212,0.81319,0,0,videos/CLU_BOTTLE_R05.mp4,detections/CLU_BOTTLE_R05.jsonl
CLU_BOTTLE_R02,63,clutter,bottle,bottle,medium,A,2,,2026-09-05T09:53:17.787935+00:00,10.047858,150,0.25,0.05,bottle,medium,0.871181,0.110382,1,1,1,0.110382,0.871181,0,0,videos/CLU_BOTTLE_R02.mp4,detections/CLU_BOTTLE_R02.jsonl
CLU_BOTTLE_R01,72,clutter,bottle,bottle,medium,A,1,,2026-09-05T09:53:47.345736+00:00,10.051438,150,0.25,0.05,bottle,medium,0.754965,0.120796,1,1,1,0.120796,0.754965,0,0,videos/CLU_BOTTLE_R01.mp4,detections/CLU_BOTTLE_R01.jsonl
CLU_BOTTLE_R04,73,clutter,bottle,bottle,medium,A,4,,2026-09-05T09:54:13.227379+00:00,10.04823,150,0.25,0.05,bottle,medium,0.81455,0.118089,1,1,1,0.118089,0.81455,0,0,videos/CLU_BOTTLE_R04.mp4,detections/CLU_BOTTLE_R04.jsonl
CLU_BOTTLE_R03,75,clutter,bottle,bottle,medium,A,3,,2026-09-05T09:54:42.519213+00:00,10.052208,150,0.25,0.05,bottle,medium,0.823333,0.107445,1,1,1,0.107445,0.823333,0,0,videos/CLU_BOTTLE_R03.mp4,detections/CLU_BOTTLE_R03.jsonl
CLU_SCISSORS_R04,62,clutter,scissors,scissors,hard,A,4,,2026-09-05T09:55:15.275684+00:00,10.051723,150,0.25,0.05,scissors,hard,0.917172,0.104853,1,1,1,0.104853,0.917172,0,0,videos/CLU_SCISSORS_R04.mp4,detections/CLU_SCISSORS_R04.jsonl
CLU_SCISSORS_R01,65,clutter,scissors,scissors,hard,A,1,,2026-09-05T09:56:02.576380+00:00,10.051539,150,0.25,0.05,scissors,hard,0.95051,0.121516,1,1,1,0.121516,0.95051,0,0,videos/CLU_SCISSORS_R01.mp4,detections/CLU_SCISSORS_R01.jsonl
CLU_SCISSORS_R03,69,clutter,scissors,scissors,hard,A,3,,2026-09-05T09:56:24.723576+00:00,10.050077,150,0.25,0.05,scissors,hard,0.956022,0.118943,1,1,1,0.118943,0.956022,0,0,videos/CLU_SCISSORS_R03.mp4,detections/CLU_SCISSORS_R03.jsonl
CLU_SCISSORS_R05,70,clutter,scissors,scissors,hard,A,5,,2026-09-05T09:56:51.210182+00:00,10.051012,150,0.25,0.05,scissors,hard,0.964621,0.122619,1,1,1,0.122619,0.964621,0,0,videos/CLU_SCISSORS_R05.mp4,detections/CLU_SCISSORS_R05.jsonl
CLU_SCISSORS_R02,71,clutter,scissors,scissors,hard,A,2,,2026-09-05T09:57:24.634596+00:00,10.051189,150,0.25,0.05,scissors,hard,0.950674,0.11452,1,1,1,0.11452,0.950674,0,0,videos/CLU_SCISSORS_R02.mp4,detections/CLU_SCISSORS_R02.jsonl
MUL_BANANA_R03,79,multiobject,banana,banana,soft,A,3,bottle,2026-09-05T09:58:45.654001+00:00,10.047381,148,0.25,0.05,banana,soft,0.905272,0.276207,1,1,1,0.276207,0.905272,0,0,videos/MUL_BANANA_R03.mp4,detections/MUL_BANANA_R03.jsonl
MUL_BANANA_R01,81,multiobject,banana,banana,soft,A,1,bottle,2026-09-05T09:59:21.348130+00:00,10.050879,150,0.25,0.05,banana,soft,0.928248,0.11663,1,1,1,0.11663,0.928248,0,0,videos/MUL_BANANA_R01.mp4,detections/MUL_BANANA_R01.jsonl
MUL_BANANA_R02,83,multiobject,banana,banana,soft,A,2,bottle,2026-09-05T09:59:59.377151+00:00,10.052053,150,0.25,0.05,banana,soft,0.906334,0.107622,1,1,1,0.107622,0.906334,0,0,videos/MUL_BANANA_R02.mp4,detections/MUL_BANANA_R02.jsonl
MUL_BANANA_R05,87,multiobject,banana,banana,soft,A,5,bottle,2026-09-05T10:00:28.072971+00:00,10.061321,150,0.25,0.05,banana,soft,0.920946,0.128996,1,1,1,0.128996,0.920946,0,0,videos/MUL_BANANA_R05.mp4,detections/MUL_BANANA_R05.jsonl
MUL_BANANA_R04,88,multiobject,banana,banana,soft,A,4,bottle,2026-09-05T10:01:00.088814+00:00,10.053982,150,0.25,0.05,banana,soft,0.876776,0.126714,1,1,1,0.126714,0.876776,0,0,videos/MUL_BANANA_R04.mp4,detections/MUL_BANANA_R04.jsonl
MUL_BOTTLE_R02,84,multiobject,bottle,bottle,medium,A,2,scissors,2026-09-05T10:02:30.153863+00:00,10.054093,150,0.25,0.05,scissors,hard,0.951012,0.119389,0,0,1,0.119389,0.74112,0,0,videos/MUL_BOTTLE_R02.mp4,detections/MUL_BOTTLE_R02.jsonl
MUL_BOTTLE_R04,86,multiobject,bottle,bottle,medium,A,4,scissors,2026-09-05T10:03:15.510414+00:00,10.044733,150,0.25,0.05,scissors,hard,0.796352,0.112944,0,0,1,0.112944,0.771611,0,0,videos/MUL_BOTTLE_R04.mp4,detections/MUL_BOTTLE_R04.jsonl
MUL_BOTTLE_R05,89,multiobject,bottle,bottle,medium,A,5,scissors,2026-09-05T10:03:51.612835+00:00,10.053386,150,0.25,0.05,scissors,hard,0.916189,0.124531,0,0,1,0.124531,0.841846,0,0,videos/MUL_BOTTLE_R05.mp4,detections/MUL_BOTTLE_R05.jsonl
MUL_BOTTLE_R01,90,multiobject,bottle,bottle,medium,A,1,scissors,2026-09-05T10:04:19.566891+00:00,10.054896,150,0.25,0.05,scissors,hard,0.931622,0.109786,0,0,1,0.109786,0.892882,0,0,videos/MUL_BOTTLE_R01.mp4,detections/MUL_BOTTLE_R01.jsonl
MUL_SCISSORS_R02,82,multiobject,scissors,scissors,hard,A,2,banana,2026-09-05T10:07:03.615863+00:00,10.051552,149,0.25,0.05,scissors,hard,0.938015,0.122672,1,1,1,0.122672,0.938015,0,0,videos/MUL_SCISSORS_R02.mp4,detections/MUL_SCISSORS_R02.jsonl
MUL_SCISSORS_R03,85,multiobject,scissors,scissors,hard,A,3,banana,2026-09-05T10:07:37.544475+00:00,10.089102,150,0.25,0.05,scissors,hard,0.92904,0.124249,1,1,1,0.124249,0.92904,0,0,videos/MUL_SCISSORS_R03.mp4,detections/MUL_SCISSORS_R03.jsonl
INS_BANANA_R05,94,new_instance,banana,banana,soft,B,5,,2026-09-05T10:09:15.532633+00:00,10.050441,149,0.25,0.05,banana,soft,0.931855,0.256363,1,1,1,0.256363,0.931855,0,0,videos/INS_BANANA_R05.mp4,detections/INS_BANANA_R05.jsonl
INS_BANANA_R02,96,new_instance,banana,banana,soft,B,2,,2026-09-05T10:09:35.880745+00:00,10.051586,150,0.25,0.05,banana,soft,0.900687,0.121309,1,1,1,0.121309,0.900687,0,0,videos/INS_BANANA_R02.mp4,detections/INS_BANANA_R02.jsonl
INS_BANANA_R03,98,new_instance,banana,banana,soft,B,3,,2026-09-05T10:09:57.640093+00:00,10.061737,150,0.25,0.05,banana,soft,0.932407,0.117823,1,1,1,0.117823,0.932407,0,0,videos/INS_BANANA_R03.mp4,detections/INS_BANANA_R03.jsonl
INS_BANANA_R04,104,new_instance,banana,banana,soft,B,4,,2026-09-05T10:10:21.916785+00:00,10.053604,150,0.25,0.05,banana,soft,0.937323,0.11578,1,1,1,0.11578,0.937323,0,0,videos/INS_BANANA_R04.mp4,detections/INS_BANANA_R04.jsonl
INS_BANANA_R01,105,new_instance,banana,banana,soft,B,1,,2026-09-05T10:10:50.004169+00:00,10.052103,150,0.25,0.05,banana,soft,0.948896,0.115907,1,1,1,0.115907,0.948896,0,0,videos/INS_BANANA_R01.mp4,detections/INS_BANANA_R01.jsonl
INS_BOTTLE_R03,92,new_instance,bottle,bottle,medium,B,3,,2026-09-05T10:13:13.582645+00:00,10.054083,150,0.25,0.05,bottle,medium,0.636163,0.116599,1,1,1,0.116599,0.636163,0,0,videos/INS_BOTTLE_R03.mp4,detections/INS_BOTTLE_R03.jsonl
INS_BOTTLE_R01,95,new_instance,bottle,bottle,medium,B,1,,2026-09-05T10:13:37.130528+00:00,10.051271,150,0.25,0.05,bottle,medium,0.872904,0.118097,1,1,1,0.118097,0.872904,0,0,videos/INS_BOTTLE_R01.mp4,detections/INS_BOTTLE_R01.jsonl
INS_BOTTLE_R02,97,new_instance,bottle,bottle,medium,B,2,,2026-09-05T10:13:58.154242+00:00,10.05803,150,0.25,0.05,bottle,medium,0.79494,0.114996,1,1,1,0.114996,0.79494,0,0,videos/INS_BOTTLE_R02.mp4,detections/INS_BOTTLE_R02.jsonl
INS_BOTTLE_R05,99,new_instance,bottle,bottle,medium,B,5,,2026-09-05T10:14:21.702786+00:00,10.055621,150,0.25,0.05,bottle,medium,0.570535,0.114551,1,1,1,0.114551,0.570535,0,0,videos/INS_BOTTLE_R05.mp4,detections/INS_BOTTLE_R05.jsonl
INS_BOTTLE_R04,101,new_instance,bottle,bottle,medium,B,4,,2026-09-05T10:15:46.900175+00:00,10.05524,150,0.25,0.05,bottle,medium,0.40791,0.115193,1,1,1,0.115193,0.40791,0,0,videos/INS_BOTTLE_R04.mp4,detections/INS_BOTTLE_R04.jsonl
INS_SCISSORS_R05,91,new_instance,scissors,scissors,hard,B,5,,2026-09-05T10:16:22.657629+00:00,10.052645,150,0.25,0.05,scissors,hard,0.982054,0.117805,1,1,1,0.117805,0.982054,0,0,videos/INS_SCISSORS_R05.mp4,detections/INS_SCISSORS_R05.jsonl
INS_SCISSORS_R04,93,new_instance,scissors,scissors,hard,B,4,,2026-09-05T10:16:44.678442+00:00,10.056381,150,0.25,0.05,scissors,hard,0.972552,0.121411,1,1,1,0.121411,0.972552,0,0,videos/INS_SCISSORS_R04.mp4,detections/INS_SCISSORS_R04.jsonl
INS_SCISSORS_R02,100,new_instance,scissors,scissors,hard,B,2,,2026-09-05T10:17:06.161682+00:00,10.057705,150,0.25,0.05,scissors,hard,0.957005,0.127274,1,1,1,0.127274,0.957005,0,0,videos/INS_SCISSORS_R02.mp4,detections/INS_SCISSORS_R02.jsonl
INS_SCISSORS_R03,102,new_instance,scissors,scissors,hard,B,3,,2026-09-05T10:17:27.171882+00:00,10.051953,150,0.25,0.05,scissors,hard,0.971793,0.106618,1,1,1,0.106618,0.971793,0,0,videos/INS_SCISSORS_R03.mp4,detections/INS_SCISSORS_R03.jsonl
INS_SCISSORS_R01,103,new_instance,scissors,scissors,hard,B,1,,2026-09-05T10:17:49.594417+00:00,10.056961,150,0.25,0.05,scissors,hard,0.98814,0.129889,1,1,1,0.129889,0.98814,0,0,videos/INS_SCISSORS_R01.mp4,detections/INS_SCISSORS_R01.jsonl
UNK_CARDBOARD-BOX_R03,107,unknown,cardboard box,__unknown__,unknown,A,3,,2026-09-05T10:24:17.218298+00:00,10.050976,149,0.25,0.05,refrigerator,unknown,0.284796,0.246585,,,,,,0,0,videos/UNK_CARDBOARD-BOX_R03.mp4,detections/UNK_CARDBOARD-BOX_R03.jsonl
UNK_CARDBOARD-BOX_R01,109,unknown,cardboard box,__unknown__,unknown,A,1,,2026-09-05T10:24:41.169072+00:00,10.053094,150,0.25,0.05,clock,unknown,0.313828,0.133245,,,,,,0,0,videos/UNK_CARDBOARD-BOX_R01.mp4,detections/UNK_CARDBOARD-BOX_R01.jsonl
UNK_CARDBOARD-BOX_R02,120,unknown,cardboard box,__unknown__,unknown,A,2,,2026-09-05T10:25:20.999996+00:00,10.05444,150,0.25,0.05,clock,unknown,0.74103,0.116525,,,,,,0,0,videos/UNK_CARDBOARD-BOX_R02.mp4,detections/UNK_CARDBOARD-BOX_R02.jsonl
UNK_SCREWDRIVER_R01,111,unknown,screwdriver,__unknown__,unknown,A,1,,2026-09-05T10:26:18.769864+00:00,10.048775,150,0.25,0.05,toothbrush,unknown,0.29181,7.047687,,,,,,0,0,videos/UNK_SCREWDRIVER_R01.mp4,detections/UNK_SCREWDRIVER_R01.jsonl
UNK_SCREWDRIVER_R03,114,unknown,screwdriver,__unknown__,unknown,A,3,,2026-09-05T10:26:37.257397+00:00,10.05528,147,0.25,0.05,vase,unknown,0.661163,0.225938,,,,,,0,0,videos/UNK_SCREWDRIVER_R03.mp4,detections/UNK_SCREWDRIVER_R03.jsonl
UNK_SCREWDRIVER_R02,117,unknown,screwdriver,__unknown__,unknown,A,2,,2026-09-05T10:26:55.602369+00:00,10.052007,149,0.25,0.05,vase,unknown,0.581069,0.122178,,,,,,0,0,videos/UNK_SCREWDRIVER_R02.mp4,detections/UNK_SCREWDRIVER_R02.jsonl
UNK_SPONGE_R02,110,unknown,sponge,__unknown__,unknown,A,2,,2026-09-05T10:27:54.976177+00:00,10.049542,148,0.25,0.05,clock,unknown,0.732306,0.114281,,,,,,0,0,videos/UNK_SPONGE_R02.mp4,detections/UNK_SPONGE_R02.jsonl
UNK_SPONGE_R01,112,unknown,sponge,__unknown__,unknown,A,1,,2026-09-05T10:28:14.655905+00:00,10.049241,150,0.25,0.05,clock,unknown,0.26626,0.709325,,,,,,0,0,videos/UNK_SPONGE_R01.mp4,detections/UNK_SPONGE_R01.jsonl
UNK_SPONGE_R03,118,unknown,sponge,__unknown__,unknown,A,3,,2026-09-05T10:28:32.137103+00:00,10.050862,150,0.25,0.05,clock,unknown,0.58271,0.119423,,,,,,0,0,videos/UNK_SPONGE_R03.mp4,detections/UNK_SPONGE_R03.jsonl
UNK_STAPLER_R02,106,unknown,stapler,__unknown__,unknown,A,2,,2026-09-05T10:29:17.513966+00:00,10.060352,150,0.25,0.05,cell phone,hard,0.907155,0.122618,,,,,,0,1,videos/UNK_STAPLER_R02.mp4,detections/UNK_STAPLER_R02.jsonl
UNK_STAPLER_R03,113,unknown,stapler,__unknown__,unknown,A,3,,2026-09-05T10:29:36.324403+00:00,10.057265,150,0.25,0.05,cell phone,hard,0.92656,0.121797,,,,,,0,1,videos/UNK_STAPLER_R03.mp4,detections/UNK_STAPLER_R03.jsonl
UNK_STAPLER_R01,119,unknown,stapler,__unknown__,unknown,A,1,,2026-09-05T10:29:54.459490+00:00,10.045719,149,0.25,0.05,cell phone,hard,0.9446,0.125371,,,,,,0,1,videos/UNK_STAPLER_R01.mp4,detections/UNK_STAPLER_R01.jsonl
UNK_TAPE-MEASURE_R01,108,unknown,tape measure,__unknown__,unknown,A,1,,2026-09-05T10:30:20.084285+00:00,10.051056,150,0.25,0.05,orange,soft,0.714064,0.116569,,,,,,0,1,videos/UNK_TAPE-MEASURE_R01.mp4,detections/UNK_TAPE-MEASURE_R01.jsonl
UNK_TAPE-MEASURE_R03,115,unknown,tape measure,__unknown__,unknown,A,3,,2026-09-05T10:35:13.151139+00:00,10.001527,149,0.25,0.05,airplane,unknown,0.271811,0.153523,,,,,,0,0,videos/UNK_TAPE-MEASURE_R03.mp4,detections/UNK_TAPE-MEASURE_R03.jsonl
UNK_TAPE-MEASURE_R02,116,unknown,tape measure,__unknown__,unknown,A,2,,2026-09-05T10:36:23.817514+00:00,10.152582,115,0.25,0.05,toothbrush,unknown,0.438239,0.116568,,,,,,0,0,videos/UNK_TAPE-MEASURE_R02.mp4,detections/UNK_TAPE-MEASURE_R02.jsonl
NOR_SCISSORS_R03,2,normal,scissors,scissors,hard,A,3,,2026-09-05T10:43:29.347772+00:00,10.048048,148,0.25,0.05,scissors,hard,0.957593,0.267674,1,1,1,0.267674,0.957593,0,0,videos/NOR_SCISSORS_R03.mp4,detections/NOR_SCISSORS_R03.jsonl
BKL_SCISSORS_R02,31,backlight,scissors,scissors,hard,A,2,,2026-09-05T10:44:43.365957+00:00,10.051102,148,0.25,0.05,scissors,hard,0.904562,0.275068,1,1,1,0.275068,0.904562,0,0,videos/BKL_SCISSORS_R02.mp4,detections/BKL_SCISSORS_R02.jsonl
OCC_SCISSORS_R05,50,occlusion50,scissors,scissors,hard,A,5,,2026-09-05T10:45:58.643996+00:00,10.048955,149,0.25,0.05,scissors,hard,0.852475,0.251665,1,1,1,0.251665,0.852475,0,0,videos/OCC_SCISSORS_R05.mp4,detections/OCC_SCISSORS_R05.jsonl
MUL_BOTTLE_R03,80,multiobject,bottle,bottle,medium,A,3,scissors,2026-09-05T10:46:45.193465+00:00,10.062744,149,0.25,0.05,scissors,hard,0.94534,0.258612,0,0,1,0.258612,0.87992,0,0,videos/MUL_BOTTLE_R03.mp4,detections/MUL_BOTTLE_R03.jsonl
MUL_SCISSORS_R05,76,multiobject,scissors,scissors,hard,A,5,banana,2026-09-05T10:47:17.281030+00:00,10.063707,147,0.25,0.05,scissors,hard,0.955386,0.123178,1,1,1,0.123178,0.955386,0,0,videos/MUL_SCISSORS_R05.mp4,detections/MUL_SCISSORS_R05.jsonl
MUL_SCISSORS_R04,77,multiobject,scissors,scissors,hard,A,4,banana,2026-09-05T10:47:46.021878+00:00,10.012884,150,0.25,0.05,banana,soft,0.941897,0.088582,0,0,1,0.088582,0.8743,0,0,videos/MUL_SCISSORS_R04.mp4,detections/MUL_SCISSORS_R04.jsonl
MUL_SCISSORS_R01,78,multiobject,scissors,scissors,hard,A,1,banana,2026-09-05T10:48:16.179346+00:00,10.05472,150,0.25,0.05,scissors,hard,0.928631,0.121715,1,1,1,0.121715,0.928631,0,0,videos/MUL_SCISSORS_R01.mp4,detections/MUL_SCISSORS_R01.jsonl
